Aache,M
Abbadon,M
Abeyaratne,M
Acamen,M
Achard,M
Ada,M
Adiannon,M
Advoc,M
Aerin,M
Afflon,M
Agnar,M
Ahalfar,M
Ailion,M
Akara,M
Akvar,M
Alandis,M
Alberon,M
Aldmor,M
Aleemy,M
Alfwyn,M
Alidore,M
Almude,M
Aluatis,M
Alvy,M
Amarizi,M
Ambrose,M
Ames,M
Amloth,M
Ampria,M
Andeler,M
Andya,M
Angelina,M
Annalyn,M
Ansar,M
Anthro,M
Aoea,M
Ar,M
Aral,M
Arasu,M
Archane,M
Argon,M
Aries,M
Arise,M
Arleenan,M
Arole,M
Arthur,M
Asada,M
Asha,M
Asmen,M
Astar,M
Astro,M
Atgur,M
Athiss,M
Atlin,M
Attew,M
Audh,M
Aurion,M
Auvien,M
Avitus,M
Awile,M
Ayesha,M
Azimir,M
Baduk,M
Balain,M
Ballar,M
Bando,M
Bannor,M
Barakah,M
Barcer,M
Bari,M
Barnabas,M
Basden,M
Basturn,M
Bavmorda,M
Beak,M
Bedegran,M
Beeta,M
Beli,M
Belrene,M
Benard,M
Beowulf,M
Berez,M
Bern,M
Beth,M
Bewul,M
Biel,M
Birinair,M
Blackstone,M
Blaise,M
Bleda,M
Boaldelr,M
Boern,M
Boll,M
Bolwerk,M
Boris,M
Boru,M
Braggi,M
Brana,M
Brave,M
Bredock,M
Brendan,M
Briarman,M
Brightmaster,M
Brine,M
Brittany,M
Brucius,M
Brytta,M
Burbhin,M
Buser,M
Bydern,M
Caden,M
Caelon,M
Caerroil,M
Caino,M
Calcul,M
Calgaron,M
Callindrill,M
Calonet,M
Camus,M
Candor,M
Capid,M
Carakin,M
Caret,M
Carna,M
Carrie,M
Carter,M
Cassair,M
Catchclaw,M
Caveral,M
Cear,M
Celbahr,M
Celestine,M
Celorn,M
Ceoline,M
Cereb,M
Cerrin,M
Cevelt,M
Cham,M
Chani,M
Charford,M
Chastitie,M
Cherem,M
Chirp,M
Chrynn,M
Cibrock,M
Cinon,M
Ciroc,M
Clathin,M
Cloin,M
Cobbder,M
Codern,M
Colberane,M
Collur,M
Columbia,M
Cona,M
Conn,M
Constantius,M
Corage,M
Cordale,M
Cormach,M
Corrigad,M
Cos,M
Cotan,M
Crage,M
Croesus,M
Crowl,M
Cuna,M
Custennin,M
Cylmar,M
Cyrus,M
Dacia,M
Dafyd,M
Dagnall,M
Daikini,M
Dalamar,M
Dalmarn,M
Damon,M
Daniel,M
Danthragnir,M
Darar,M
Darin,M
Darkbone,M
Darko,M
Darr,M
Darste,M
Darvon,M
Daun,M
David,M
Dawnwind,M
Decuis,M
Deik,M
Dellin,M
Dema,M
Deon,M
Derokin,M
Derthe,M
Devell,M
Dhyana,M
Dilvish,M
Dimura,M
Direst,M
Doar,M
Dokoran,M
Donya,M
Dorsat,M
Douger,M
Draedan,M
Drandon,M
Drew,M
Drinishok,M
Drizzt,M
Dron,M
Drumma,M
Druwain,M
Duald,M
Dulia,M
Dunge,M
Durar,M
Durris,M
Duvani,M
Dwobwicket,M
Dynera,M
Ear,M
Eashasft,M
Eborane,M
Ectorius,M
Eddra,M
Edra,M
Efar,M
Egmardern,M
Eira,M
Eithne,M
Elantir,M
Eldrin,M
Elet,M
Elik,M
Ellidyr,M
Elnibera,M
Elronhir,M
Elveen,M
Emon,M
Enda,M
Engoliothil,M
Enril,M
Eoman,M
Eradan,M
Eric,M
Erim,M
Eron,M
Eryn,M
Esnar,M
Etar,M
Ethesa,M
Ette,M
Eyndy,M
Facer,M
Faeroh,M
Faheem,M
Falat,M
Fant,M
Farate,M
Farret,M
Fassen,M
Faust,M
Fearlock,M
Felixmarte,M
Ferdinand,M
Feron,M
Fetil,M
Fiacus,M
Fie,M
Findail,M
Finrink,M
Fistor,M
Floki,M
Fole,M
Font,M
Fother,M
Frater,M
Frederika,M
Frey,M
Frith,M
Froth,M
Fukui,M
Fydar,M
Gaer,M
Gafolern,M
Galain,M
Galen,M
Gallovinn,M
Gametris,M
Ganith,M
Gare,M
Garith,M
Garwocket,M
Gaston,M
Gavin,M
Gebeth,M
Gemedern,M
Genlon,M
Germe,M
Gerpin,M
Gette,M
Gib,M
Gilden,M
Gilthanas,M
Gith,M
Gloryaxe,M
Godestere,M
Golina,M
Gondel,M
Goriolo,M
Gortin,M
Gothsettan,M
Gragold,M
Grau,M
Greenbriar,M
Gren,M
Greylock,M
Grimlock,M
Grimwall,M
Gronf,M
Grunen,M
Guese,M
Guistan,M
Gunde,M
Gurrath,M
Guthale,M
Gwalcmai,M
Gweir,M
Gwethana,M
Gybrush,M
Hacer,M
Hael,M
Hagels,M
Halete,M
Halmar,M
Hamlet,M
Hanlo,M
Hardep,M
Harmakros,M
Harrenhal,M
Hathil,M
Hawkwind,M
Hector,M
Helenia,M
Hengest,M
Herekin,M
Hermenze,M
Herty,M
Higra,M
Hileict,M
Hirn,M
Hjollder,M
Hodgenik,M
Hokora,M
Holly,M
Horace,M
Horner,M
Hortalus,M
Hower,M
Huchaw,M
Huner,M
Hurn,M
Hycar,M
Hynaril,M
Ian,M
Iddec,M
Idin,M
Idric,M
Igon,M
Ikar,M
Ikul,M
Ilgenar,M
Illium,M
Imoiran,M
Ingel,M
Insa,M
Iolder,M
Ipsl,M
Irin,M
Irone,M
Iscon,M
Isma,M
Ithric,M
Jabbert,M
Jacinth,M
Jain,M
Jamina,M
Janus,M
Jargo,M
Jason,M
Jaython,M
Jedd,M
Jenansfer,M
Jesseman,M
Jex,M
Jibar,M
Jizm,M
Joeland,M
Joly,M
Joriel,M
Josh,M
Juel,M
Juliet,M
June,M
Junper,M
Justalyne,M
Kafsal,M
Kala,M
Kalili,M
Kan,M
Karas,M
Karis,M
Katah,M
Kavelin,M
Keenedge,M
Keltz,M
Kens,M
Kern,M
Kessius,M
Ketlz,M
Khris,M
Kib,M
Kilayox,M
Killrey,M
Kines,M
Kins,M
Kirik,M
Kirsten,M
Kith,M
Klemnor,M
Klore,M
Knour,M
Konil,M
Korell,M
Kountra,M
Krank,M
Kressara,M
Krisiries,M
Kronos,M
Kurr,M
Kyrad,M
Laelff,M
Laertes,M
Laissez-Faire,M
Lance,M
Landrin,M
Lanthal,M
Larina,M
Launt,M
Layne,M
Lebran,M
Leia,M
Lena,M
Leonard,M
Lephar,M
Lesphares,M
Leuvdar,M
Lhunig,M
Liet,M
Lin,M
Linyah,M
Lithe,M
Lloyanda,M
Loerya,M
Loine,M
Longston,M
Loric,M
Loth,M
Lucius,M
Lugaid,M
Lunetta,M
Luthe,M
Lyle,M
Lyndi,M
Mabon,M
Macer,M
Mades,M
Madric,M
Mafar,M
Maglos,M
Maidukes,M
Malcuma,M
Malvin,M
Mani,M
Marce,M
Marderdeen,M
Marena,M
Margott,M
Markahn,M
Marli,M
Marophon,M
Marten,M
Mashasen,M
Mathe,M
Maugrim,M
Maximus,M
Mazhel,M
Medarin,M
Medua,M
Megelin,M
Melathor,M
Mellind,M
Memor,M
Mensa,M
Merdon,M
Meriel,M
Merrilee,M
Mesech,M
Metellus,M
Mezo,M
Michael,M
Mickal,M
Milander,M
Mim,M
Mine',M
Minsk,M
MireBane,M
Mist,M
Mitch,M
Modi,M
Mogologolo,M
Molestorm,M
Monas,M
Montezuma,M
Moonshadow,M
Morcant,M
Morgan,M
Morth,M
Mryddren,M
Muhannad,M
Munstar,M
Murtle,M
Mutle,M
Myrshad,M
Nachaloa,M
Nafrat,M
Nana,M
Naria,M
Nate,M
Nebuchadnezzar,M
Neivel,M
Nerth,M
Nette,M
Nichelle,M
Nigel,M
Nikpal,M
Nilyn,M
Niraya,M
Nockmaar,M
Nolo,M
Nophalis,M
Norvi,M
Notty,M
Nura,M
Nydale,M
Nysty,M
Occhi,M
Oden,M
Oele,M
Ogardus,M
Ohethlic,M
Okle,M
Oliat,M
Olomorn,M
Omournil,M
Onnan,M
Opal,M
Optima,M
Orbal,M
Org,M
Orion,M
Ormay,M
Orsen,M
Osen,M
Osten,M
Othran,M
Ount,M
Ozorak,M
Padrias,M
Palid,M
Papur,M
Parellus,M
Pascheine,M
Patnos,M
Peash,M
Pefergg,M
Pelles,M
Pender,M
Pepin,M
Peredon,M
Peri?el,M
Pethcines,M
Petroman,M
Phardir,M
Phendin,M
Philth,M
Phornel,M
Picti,M
Pigly,M
Pine,M
Pitchblende,M
Pock,M
Polson,M
Porib,M
Postolis,M
Prataxis,M
Prinice,M
Prothalon,M
Prysala,M
Pulsur,M
Puthor,M
Pytrigon,M
Qeylargo,M
Quanan,M
Quickens,M
Quihanna,M
Quintilius,M
Qunlac,M
Qwine,M
Rach,M
Rael,M
Ragons,M
Ralibe,M
Rand,M
Ranon,M
Rason,M
Rathisa,M
Ravenor,M
Raziel,M
Reaver,M
Redknob,M
Reggian,M
Relkinthrin,M
Rentham,M
Reth,M
Reynar,M
Rhoson,M
Riamon,M
Rida,M
Rigol,M
Rille,M
Rinim,M
Riter,M
River,M
Robag,M
Roderik,M
Rogoth,M
Roland,M
Rombonolw,M
Roseate,M
Rossak,M
Rout,M
Ruchlight,M
Rufus,M
Runnik,M
Rushlight,M
Rutabega,M
Rydan,M
Rysdan,M
Sabo,M
Safilix,M
Salach,M
Sames,M
Samot,M
Sanala,M
Saranie,M
Sarmacid,M
Sasic,M
Saturn,M
Scelinn,M
Scrole,M
Scythe,M
Seaftink,M
Secor,M
Sefe,M
Seiont,M
Sellen,M
Sennetta,M
Senwen,M
Sere,M
Serrma,M
Seth,M
Sevinhand,M
Shadow,M
Shamir,M
Shardo,M
Shayera,M
Shetra,M
Shire,M
Shull,M
Sidathe,M
Siguruk,M
Silienori,M
Silpal,M
Silverwind,M
Sina,M
Sirat,M
Skadi,M
Skylark,M
Slen,M
Slorica,M
Snellia,M
Solar,M
Solo,M
Soor,M
Soret,M
Sotha,M
Sourte,M
Spazm,M
Srodki,M
Staggner,M
Stara,M
Stayn,M
Stell,M
Stephen,M
Still,M
Strolan,M
Sturm,M
Sulanie,M
Sunberry,M
Sungaze,M
Sutha,M
Sweetwood,M
Synestra,M
Sythril,M
Tad,M
Tail,M
Talbot,M
Talgoid,M
Taltre,M
Tan,M
Targo,M
Tasden,M
Taubir,M
Teh-bor,M
Telefe,M
Temilfist,M
Tepena,M
Terrel,M
Tethran,M
Thaleen,M
Tharthar,M
Therr,M
Thirle,M
Thomin,M
Threndorle,M
Thufir,M
Thymas,M
Tibers,M
Tika,M
Tinus,M
Titan,M
Tobale,M
Tolen,M
Tolsen,M
Tomodrin,M
Tor,M
Toringad,M
Totha,M
Tousba,M
Trajan,M
Tranl,M
Treamuel,M
Trelane,M
Treon,M
Trey,M
Triock,M
Tronos,M
Trus,M
Tuk,M
Turle,M
Tuvor,M
Tybressa,M
Tyell,M
Tysinni,M
Ugmar,M
Ullie,M
Unarath,M
Ungard,M
Unysis,M
Urdrasil,M
Useli,M
Uther,M
Vagot,M
Valekka,M
Vall,M
Valynard,M
Vargo,M
Varth,M
Veldahar,M
Veseere,M
Vevar,M
Victory,M
Viki,M
Vinald,M
Vohnkar,M
Vortigern,M
Vurner,M
Vythica,M
Waistere,M
Walker,M
Wandagwen,M
Warne,M
Wavenhait,M
Weara,M
Welisarne,M
Werymn,M
Whane,M
Whorl,M
Will,M
William,M
Wilrow,M
Wimkin,M
Windwhisper,M
Wishane,M
Witner,M
Wolfgang,M
Wone,M
Worf,M
Wrothag,M
Wyeta,M
Wynnde,M
Xandie,M
Xanry,M
Xercon,M
Xorn,M
Yali,M
Yesirn,M
Ynnd'r,M
Ysane,M
Yvonnette,M
Zakarn,M
Zanice,M
Zeax,M
Zenobia,M
Zere,M
Zidar,M
Zim,M
Zoe,M
Zoura,M
Zymos,M
Aanwas,M
Abbe,M
Aboloft,M
Acear,M
Achilles,M
Adame,M
Adoma,M
Aegir,M
Aerinha,M
Agamemon,M
Agnvala,M
Ahanna,M
Airen,M
Akassa,M
Al-Rashid,M
Alaric,M
Albright,M
Aldor,M
Alek,M
Alfy,M
Alio,M
Alor,M
Aluca,M
Alys,M
Amatin,M
Ambrosius,M
Amethyst,M
Ammaranza,M
Amren,M
Andonna,M
Aneirin,M
Angur,M
Annion,M
Ansell,M
Antii,M
Apollyon,M
Arade,M
Aramcham,M
Arath,M
Archman,M
Ariannona,M
Arimaspia,M
Arithin,M
Arminius,M
Arrakis,M
Artor,M
Asbrand,M
Ashlin,M
Asmund,M
Astaulf,M
Astrol,M
Athana,M
Atiaran,M
Aton,M
Attila,M
Augustus,M
Aurora,M
Avedar,M
Avllach,M
Awnia,M
Ayne,M
Azreal,M
Baeron,M
Balati,M
Balzar,M
Bane,M
Bar,M
Baralan,M
Bardar,M
Barim,M
Barph,M
Basete,M
Bathelie,M
Bawenni,M
Beaknose,M
Bedic,M
Behine,M
Belissa,M
Beltane,M
Bennor,M
Berch,M
Berg,M
Bertram,M
Bethe,M
Beyla,M
Biff,M
Biston,M
Blade,M
Blak,M
Blek,M
Boddyjon,M
Boethuis,M
Bollinar,M
Bomar,M
Bormor,M
Bourc,M
Bragi,M
Brand,M
Breagan,M
Breek,M
Brendar,M
Bridonna,M
Brighton,M
Brinn,M
Broddi,M
Bruk,M
Bucelus,M
Buren,M
Bush,M
Cabolus,M
Cadria,M
Caen,M
Caf'es,M
Cainon,M
Calden,M
Caliban,M
Callipygia,M
Cambreard,M
Camyal,M
Cannon,M
Capide,M
Caramon,M
Cariki,M
Carnen,M
Carson,M
Carthag,M
Casta,M
Catherine,M
Cavil,M
Cedric,M
Celdarin,M
Celinn,M
Celsus,M
Cephenrene,M
Cereben,M
Cert,M
Ch'ian,M
Chamon,M
Chant,M
Charis,M
Chatt,M
Cherlinar,M
Chivahle,M
Chrystyne,M
Cid,M
Cipyar,M
Ciron,M
Claudius,M
Clomen,M
Cobbman,M
Cognious,M
Coledac,M
Colmen,M
Come,M
Conan,M
Connell,M
Coper,M
Corand,M
Corimini,M
Cormann,M
Cortes,M
Cosdeer,M
Cotterall,M
Craig,M
Crofta,M
Cruaver,M
Cune,M
Cutte,M
Cymel,M
Cythnar,M
Daermalkin,M
Dag,M
Dague,M
Dailia,M
Dalavesta,M
Dama,M
Danan,M
Daniger,M
Dantice,M
Darda,M
Darion,M
Darkboon,M
Darkspur,M
Darra,M
Darth,M
Dasbeck,M
Dauron,M
Dawes,M
Dazos,M
Deerslayer,M
Del,M
Delphis,M
Denast,M
Derel,M
Derrin,M
Desil,M
Devrel,M
Dhyne,M
Dima,M
Dinfar,M
Dirist,M
Doble,M
Dolman,M
Dore,M
Dorset,M
Douphra,M
Drak,M
Drave,M
Driel,M
Drinny,M
Drocta,M
Drool,M
Drunen,M
Dryden,M
Duarin,M
Dumas,M
Dungon,M
Durathor,M
Dusaro,M
Duzedrawse,M
Dwort,M
Dyten,M
Eard,M
Eatle,M
Ebow,M
Edaece,M
Ede,M
Edward,M
Efari,M
Eidanel,M
Eiric,M
Ekgamut,M
Elati,M
Eleg,M
Elflaine,M
Elisne,M
Ellie,M
Elo,M
Elsa,M
Elward,M
Emyys,M
Endor,M
Enidin,M
Enro,M
Eorinn,M
Erebos,M
Erich,M
Eritai,M
Errinaya,M
Esatte,M
Espardo,M
Etburn,M
Ethna,M
Eudock,M
Eythil,M
Fadukes,M
Faeron,M
Faid,M
Falcon,M
Faolin,M
Faravinn,M
Farse,M
Fasten,M
Faux,M
Feart,M
Felor,M
Ferg,M
Ferrate,M
Fetmar,M
Fiana,M
Fient,M
Findal,M
Finwocket,M
Fizban,M
Floran,M
Folmard,M
Fonya,M
Fovor,M
Frather,M
Fredrick,M
Freyja,M
Frodo,M
Frufalcon,M
Fullengarten,M
Fyn,M
Gaese,M
Gagar,M
Galanna,M
Galet,M
Gallowglas,M
Gamic,M
Gann,M
Garel,M
Garley,M
Gash Lark,M
Gath,M
Gawain,M
Ged,M
Gemedes,M
Genselda,M
Gern,M
Gesell,M
Ghant,M
Gibbon,M
Gildor,M
Gimli,M
Glanern,M
Glose,M
Godhilder,M
Gollum,M
Gons,M
Gorlais,M
Gosford,M
Goul,M
Graice,M
Gravin,M
Greenvine,M
Grenda,M
Greymalkin,M
Grimm,M
Grimwulf,M
Gront,M
Gryn,M
Guice,M
Guldergrance,M
Gundir,M
Gustfer,M
Guthe,M
Gwath,M
Gwendha,M
Gwyddno,M
Gyda,M
Hachiman,M
Haert,M
Haiji,M
Halianor,M
Halogia,M
Hammer,M
Hannibal,M
Hardis,M
Harnway,M
Harven,M
Haunt,M
Heast,M
Hedd,M
Helm,M
Henry,M
Herem,M
Hermes,M
Herzog,M
Hildale,M
Hinate,M
Hisle,M
Hlok,M
Hoekstra,M
Holferne,M
Holth,M
Horatio,M
Hornmar,M
Horus,M
Howor,M
Huctute,M
Hunir,M
Hurnt,M
Hydale,M
Hyrim,M
Iarmod,M
Ided,M
Idint,M
Idris,M
Igraine,M
Ikarus,M
Ildwater,M
Iliendor,M
Ilron,M
Indhios,M
Ingle,M
Inse,M
Iona,M
Ir,M
Irk,M
Ironmage,M
Iseld,M
Issalt,M
Itner,M
Jace,M
Jackson,M
Jakom,M
Jamis,M
Januviel,M
Jarlath,M
Jasper,M
Jazmine,M
Jelgo,M
Jenethrim,M
Jessica,M
Jezzail,M
Jin,M
Jmais,M
Joele,M
Jon,M
Jormunrek,M
Jost,M
Juit,M
Julionne,M
Junio,M
Jurine,M
Jytia,M
Kagya,M
Kalan,M
Kalina,M
Kandur,M
Karden,M
Karissa,M
Kathathorn,M
Kax,M
Kekuda,M
Kemper,M
Keppa,M
Kerrinen,M
Kethren,M
Kevvy,M
Khymir,M
Kibber,M
Kilbas,M
Kilmer,M
King,M
Kinwerd,M
Kiril,M
Kirstwig,M
Kjarren,M
Klerak,M
Klose,M
Kodof,M
Kontouche,M
Koreth,M
Koutara,M
Krash,M
Krile,M
Kristhanna,M
Krush,M
Kuruk,M
Lackus,M
Laelia,M
Lafornon,M
Laithi,M
Lancelot,M
Laner,M
Laph,M
Lark,M
Laured,M
Lazarak,M
Ledale,M
Leif,M
Lenala,M
Leonardo,M
Lephidiles,M
Letnerr,M
Levelys,M
Lib,M
Lifity,M
Lingar,M
Liphanes,M
Lithuir,M
Lluara,M
Loetter,M
Lokh,M
Lookfar,M
Lorienith,M
Lothard,M
Lucky,M
Luke,M
Luphildern,M
Luther,M
Lylish,M
Lyne,M
Macbeaust,M
Macon,M
Madhi,M
Madsa,M
Magamp,M
Magni,M
Maildun,M
Malfar,M
Mandricardo,M
Manien,M
Marcelo,M
Mardha,M
Margaret,M
Marid,M
Markard,M
Marmund,M
Marr,M
Martine,M
Mask,M
Mathr,M
Maurain,M
Mayda,M
Mcdonnega,M
Medel,M
Medwyn,M
Mehande,M
Melatus,M
Melman,M
Mena,M
Mentle,M
Meredigawn,M
Merkesh,M
Mery,M
Mesophan,M
Metron,M
Mhill,M
Micheal,M
Middibell,M
Mildin,M
Mimir,M
Minga,M
Minx,M
Mirith,M
Mistbow,M
Mitchh,M
Modred,M
Moira,M
Moll'ar,M
Moncaire,M
Mony,M
Moort,M
Morchan,M
Morgur,M
Mote,M
Muad'dib,M
Mujarin,M
Murgle,M
Musaeus,M
Mylene,M
Mythik,M
Nacle,M
Nagic,M
Nancy,M
Narisa,M
Nato,M
Necari,M
Nelenna,M
Nerthus,M
Nettina,M
Nick,M
Night,M
Nikrolin,M
Nimaminanon,M
Niro,M
Noford,M
Nome,M
Nordri,M
Noss,M
Nuckle,M
Nuria,M
Nym,M
Nythil,M
Ochala,M
Odoacer,M
Oelita,M
Ogen,M
Oil,M
Olath,M
Olidi,M
Olotin,M
Omsell,M
Onrine,M
Ophelia,M
Orabias,M
Orbin,M
Orgalan,M
Orken,M
Ormiss,M
Ort,M
Oshawal,M
Otaiy,M
Otlen,M
Ovel,M
O?tho,M
Padricus,M
Pallantides,M
Parale,M
Parse,M
Patch,M
Patrel,M
Pedro,M
Peirce,M
Pelops,M
Pendragon,M
Pepita,M
Peregrin,M
Perle,M
Pethros,M
Petter,M
Pharysene,M
Phera,M
Phira,M
Picard,M
Picumar,M
Pildoor,M
Pip,M
Piter,M
Pod,M
Ponile,M
Porix,M
Poyna,M
Praxiteles,M
Prisane,M
Proxar,M
Prytani,M
Punit,M
Pwyll,M
Qadir,M
Qidan,M
Quasee,M
Quickfoot,M
Quike,M
Quintus,M
Quolamin,M
Qysan,M
Rachel,M
Ragar,M
Rahasli,M
Ramen,M
Randar,M
Ransisc,M
Rasputin,M
Raus,M
Raver,M
Razzia,M
Recom,M
Redthorn,M
Regin,M
Relo,M
Resboron,M
Rethik,M
Rhain,M
Rhuna,M
Riandur,M
Ridley,M
Rikar,M
Rima,M
Rint,M
Rith,M
Riverfield,M
Robeel,M
Roge,M
Rogur,M
Role,M
Romeo,M
Rosemude,M
Rost,M
Ruamaryn,M
Rudy,M
Ruger,M
Rupen,M
Russ,M
Ruth,M
Ryfar,M
Rythen,M
Sacer,M
Saft,M
Salexor,M
Samir,M
Samson,M
Sandwave,M
Sargo,M
Sarme,M
Sataura,M
Sawen,M
Sciotus,M
Scronna,M
Scythia,M
Sealanna,M
Secrean,M
Seg,M
Seithenin,M
Semaphone,M
Sensai,M
Sepek,M
Sergius,M
Seryth,M
Sethron,M
Sezer,M
Shadowbane,M
Shane,M
Sharra,M
Sheem,M
Shetre,M
Shnorr,M
Shyle,M
Sig,M
Sigyn,M
Silius,M
Silver,M
Silvyre,M
Sine,M
Sirio,M
Skelbanda,M
Skywalker,M
Slender,M
Smog,M
Soderman,M
Solaris,M
Solomon,M
Soranal,M
Soreth,M
Sothale,M
Sout,M
Spede,M
Staban,M
Staler,M
Starr,M
Steadmen,M
Stella,M
Stera,M
Stonehand,M
Strongarm,M
Stylie,M
Sulcar,M
Sunder,M
Sunshadow,M
Suther,M
Sword,M
Synina,M
Szene,M
Taddi,M
Tajule,M
Talea,M
Taliesin,M
Tamarantha,M
Tand,M
Tark,M
Tasmya,M
Tawfik,M
Teirn,M
Tellus,M
Tempist,M
Tera,M
Teslanar,M
Tewdig,M
Thalen,M
Thaxter,M
Thew,M
Thog,M
Thorin,M
Threndorler,M
Thunderstroke,M
Tia,M
Tiberus,M
Tiler,M
Tir,M
Tithan,M
Tobin,M
Tolf,M
Tol?Solie,M
Tondril,M
Tora,M
Torinko,M
Tothale,M
Towerlock,M
Trake,M
Tranorr,M
Trece,M
Trele,M
Tressa,M
Tricus,M
Trion,M
Tror,M
Tryane,M
Tull,M
Turzig,M
Twilight,M
Tyburn,M
Tyjen,M
Ubaydah,M
Uhara,M
Ullist,M
Undaria,M
Ungon,M
Updar,M
Uri,M
Usking,M
Vaccon,M
Valacar,M
Valezka,M
Valli,M
Vanidor,M
Varion,M
Varus,M
Venessa,M
Vesend,M
Vicari,M
Vider,M
Vikos,M
Vinkolt,M
Voladea,M
Voudim,M
Vyblos,M
Wade,M
Wak?dern,M
Walman,M
Wandatranna,M
Warwick,M
Wayfinder,M
Weaver,M
Wellath,M
Weshin,M
Whitefall,M
Wieth,M
Willa,M
Willican,M
Wilster,M
Wimnig,M
Winewood,M
Wisp,M
Witworld,M
Wolk,M
Wonya,M
Wotan,M
Wulf,M
Wyeth,M
Wyrd,M
Xandrog,M
Xaviar,M
Xex,M
Xuio,M
Yanan,M
Yeurquin,M
Yoda,M
Yssik,M
Yysara,M
Zalyz,M
Zannan,M
Zecane,M
Zensunni,M
Zerin,M
Zigmal,M
Zio,M
Zonya,M
Zrye,M
Zyneste,M
Aaron,M
Abbo,M
Abril,M
Acele,M
Acholate,M
Adaon,M
Adon,M
Aeglaeca,M
Aesa,M
Ageon,M
Agravaine,M
Ahburn,M
Airis,M
Akia,M
Alabama,M
Alarion,M
Aldaren,M
Aldren,M
Alenthe,M
Algween,M
Alixa,M
Alos,M
Aluna,M
Amaerilde,M
Amber,M
Amburgalas,M
Amintor,M
Amok,M
Ana,M
Andraut,M
Anfar,M
Ani,M
Annubi,M
Anson,M
Anumi,M
Apore,M
Aradise,M
Aramsham,M
Arawn,M
Arcy,M
Aric,M
Arina,M
Arizona,M
Arngrim,M
Arryn,M
Arvene,M
Asden,M
Aslan,M
Asoka,M
Astea,M
Asuraka,M
Athane,M
Atiarn,M
Ator,M
Auburn,M
Ault,M
Austill,M
Avel,M
Avon,M
Axeth,M
Ayrie,M
Azuela,M
Bahir,M
Balderon,M
Bam-Bam,M
Banheen,M
Baradakas,M
Baram,M
Barebranch,M
Barinthus,M
Barty,M
Basil,M
Battan,M
Baxter,M
Beate,M
Bedivere,M
Bein,M
Bella,M
Belug,M
Benth,M
Berek,M
Berhodrick,M
Beson,M
Bets,M
Bianca,M
Bildon,M
Bita,M
Blaide,M
Blanche,M
Blissia,M
Boden,M
Bog,M
Bolrock,M
Bonly,M
Borne,M
Brabha,M
Brahil,M
Brane,M
Breanon,M
Breen,M
Bres,M
Brie,M
Brightspot,M
Briseis,M
Brodir,M
Brutus,M
Buchmeid,M
Burglekutt,M
Bushe,M
Cadate,M
Caecilius,M
Caer,M
Cafe',F
Caiora,F
Caleb,F
Calina,F
Calls,F
Camchak,F
Canda,F
Canute,F
Caracatus,F
Carcslain,F
Caris,F
Caro,F
Carsys,F
Casca,F
Casties,F
Cathwar,F
Cayla,F
Ceel,F
Celeb,F
Celise,F
Celthric,F
Cercan,F
Ceremon,F
Cervek,F
Chagor,F
Chance,F
Char,F
Charlemagne,F
Cheddar,F
Cherlindrea,F
Chrodra,F
Chusuk,F
Cider,F
Circa,F
Clanica,F
Clay,F
Cloudshape,F
Coda,F
Cohan,F
Colin,F
Colriolis,F
Comperri,F
Concaline,F
Conon,F
Copernicua,F
Corann,F
Corineus,F
Cornelius,F
Corwin,F
Coseecer,F
Covenant,F
Crandall,F
Cromine,F
Crudak,F
Cunedda,F
Cybel,F
Cyndi,F
Cyton,F
Daermod,F
Dagar,F
Dagus,F
Dak,F
Dalburn,F
Damelon,F
Danaw,F
Danner,F
Daon,F
Dareene,F
Darius,F
Darkkon,F
Darmor,F
Darrin,F
Darthe,F
Dask,F
Davae,F
Dawn,F
Dearog,F
Deeval,F
Delaneen,F
Delsheevah,F
Denderah,F
Derik,F
Derset,F
Desini,F
Dharan-sar,F
Didion,F
Dime,F
Dinth,F
Dismer,F
Doceon,F
Dolsa,F
Doregren,F
Doshack,F
Draco,F
Drake,F
Draven,F
Drienel,F
Drit,F
Drogan,F
Drophar,F
Drunhilde,F
Dryn,F
Duba,F
Dunaut,F
Duorn,F
Durek,F
Dutch,F
Dwalin,F
Dyfar,F
Eadric,F
Earnan,F
Ebatryne,F
Ecematare,F
Edan,F
Eder,F
Edwin,F
Effronin,F
Eiddon,F
Eiridan,F
Eklake,F
Elderon,F
Elen,F
Elfodd,F
Elius,F
Ellyjoo,F
Eloka,F
Elson,F
Elyon,F
Enaldie,F
Endra,F
Enoka,F
Enton,F
Ephram,F
Eregdor,F
Erik,F
Erle,F
Erro,F
Escariet,F
Essault,F
Etdar,F
Etmere,F
Evarudt,F
Fabienne,F
Fael,F
Faex,F
Fairflank,F
Fallan,F
Faoturk,F
Fargo,F
Farshadow,F
Fater,F
Faver,F
Fedaykin,F
Fenia,F
Ferless,F
Ferret,F
Feturn,F
Fiannah,F
Figire,F
FinFanFoom,F
Firedorn,F
Fizbo,F
Flosi,F
Fomdey,F
Forer,F
Fract,F
Frealaf,F
Freedom,F
Frida,F
Fronal,F
Fudder,F
Fuller,F
Fynnete,F
Gaess,F
Gai,F
Galar,F
Galileo,F
Gallowglass,F
Gammer,F
Gantholion,F
Garendi,F
Garm,F
Gaskite,F
Gauthus,F
Gay,F
Geirrod,F
Gemma,F
Gerald,F
Gern-y-fhain,F
Gessane,F
Ghata,F
Gibolock,F
Gilgamesh,F
Gina,F
Glius,F
Gloth,F
Godrech,F
Golush,F
Gorak,F
Gorm,F
Gosselyn,F
Grabfoot,F
Gralon,F
Graymantle,F
Greeth,F
Gresforn,F
Grian,F
Grimman,F
Grog,F
Grosner,F
Gudus,F
Guillarmo,F
Gulgonen,F
Gurgi,F
Gustov,F
Guy-Fern,F
Gwathard,F
Gwendolau,F
Gwydion,F
Gyin,F
Hacyon,F
Haffis,F
Hairth,F
Halix Fang,F
Haltach,F
Hampshire,F
Hanny,F
Hardnoggin,F
Harod,F
Hasten,F
Haunta,F
Heatrix,F
Heer,F
Helring,F
Hepac,F
Heres,F
Hermuck,F
Hestophes,F
Hildandi,F
Hinge,F
Hiterid,F
Hoar,F
Hoel,F
Holith,F
Hon,F
Horben,F
Hornt,F
Hosage,F
Howpe,F
Hugels,F
Hunko,F
Hustle,F
Hydaspes,F
Hyten,F
Iarri,F
Iden,F
Idle,F
Idun,F
Igs,F
Ike,F
Ilene,F
Illearth,F
Imberwick,F
Indra,F
Ingles,F
Inswich,F
Ionythe,F
Irefist,F
Irnys,F
Ironmark,F
Isen,F
Ist,F
Ivan,F
Jacer,F
Jad,F
Jalil,F
Jamril,F
Jarak,F
Jarriel,F
Jasyn,F
Jean,F
Jeliala,F
Jennyve,F
Jessika,F
Jezzine,F
Jinter,F
Joan,F
Joesai,F
Jorad,F
Josc,F
Joyseysta,F
Juktar,F
Julthor,F
Junist,F
Jurn,F
Jzahlaren,F
Kaitch,F
Kalantir,F
Kalvan,F
Kantor,F
Kareth,F
Karl,F
Kathein,F
Kayce,F
Kellan,F
Kendos,F
Keran,F
Kesad,F
Kethtaz,F
Kevward,F
Khystros,F
Kibidon,F
Kilburn,F
Kilyne,F
Kingsliege,F
Kip,F
Kiringard,F
Kirwendus,F
Klass,F
Klesteus,F
Klothe,F
Kokba,F
Kor,F
Korik,F
Koutra,F
Krass,F
Krim,F
Kristion,F
Krywood,F
Kuse,F
Lacspor,F
Laelithra,F
Lagor,F
Lajka,F
Lando,F
Lange,F
Laracal,F
Larson,F
Laurelin,F
Leach,F
Lefreth,F
Leise,F
Lenas,F
Leonaro,F
Lept,F
Leto,F
Levvo,F
Liban,F
Lile,F
Linney,F
Lisma,F
Litsa,F
Loath,F
Logang,F
Lolinda,F
Loopzig,F
Lorne,F
Louis,F
Luctost,F
Lull,F
Lupin,F
Luxanustar,F
Lyna,F
Lynessa,F
MacBeth,F
Macsen,F
Madis,F
Madse,F
Mage,F
Magnus,F
Maina,F
Malistra,F
Mane,F
Mar,F
Marco,F
Mardin,F
Margo,F
Marien,F
Markdoon,F
Marn,F
Marsh,F
Marval,F
Mason,F
Matthew,F
Maurice,F
Mayga,F
Meadcraft,F
Medhir,F
Meegosh,F
Mehtyl,F
Meliel,F
Melvin,F
Mene,F
Menus,F
Merg,F
Merlin,F
Merythe,F
Mesoton,F
Metshanal,F
Mhoram,F
Michelangl,F
Midiga,F
Miler,F
Min,F
Minge,F
Mip,F
Miritna,F
Mistiss,F
Mithanica,F
Modric,F
Moiron,F
Mollye,F
Moncy,F
Moon,F
Moraine,F
Morex,F
Morie,F
Moushe,F
Mual,F
Muluin,F
Murky,F
Musky,F
Mylo,F
Mythil,F
Nadeer,F
Nakkarra,F
Nannor,F
Narok,F
Naul,F
Necur,F
Neowyld,F
Nestle,F
Netzigon,F
Nidale,F
Nightstalker,F
Niktohal,F
Nimbara,F
Nismen,F
Nogen,F
Noname,F
Nore,F
Nota,F
Nucky,F
Nuthor,F
Nymira,F
O'Bryon,F
Odana,F
Odona,F
Ofeva,F
Ogien,F
Oilli,F
Olaxtin,F
Olissa,F
Olsa,F
Onathe,F
Onulion,F
Ophra,F
Oran,F
Ord,F
Orgen,F
Orlina,F
Orms,F
Ortho,F
Osondrea,F
Othelen,F
Otsuka,F
Owain,F
Pack,F
Padys,F
Paloadrin,F
Parch,F
Parser,F
Path,F
Patter,F
Peener,F
Peitar,F
Pelphides,F
Pendus,F
Pepsi,F
Pereta,F
Perol,F
Pethsine,F
Phairdon,F
Pheblon,F
Phexides,F
Phlith,F
Picceppa,F
Pidla,F
Pildor,F
Pippin,F
Pixdale,F
Pogenthoni,F
Ponith,F
Portan,F
Prageur,F
Prayad,F
Pristess,F
Prunt,F
Ptosphes,F
Punk,F
Pyder,F
Qaiyum,F
Quaan,F
Quernister,F
Quickhand,F
Quillan,F
Quirrel,F
Qupar,F
Q?ara,F
Radag'mal,F
Rager,F
Rak,F
Ramous,F
Randolf,F
Ransus,F
Rastolnik,F
Rave,F
Ravisher,F
Razzo,F
Recoun,F
Redwine,F
Regnar,F
Relos,F
Reskind,F
Rever,F
Rhithik,F
Rhyanon,F
Riatha,F
Rifkind,F
RikkiTikkiTavi,F
Rime,F
Ripentide,F
Ritic,F
Riverwind,F
Robin,F
Rogeir,F
Rogus,F
Rolf,F
Ronetan,F
Rosh,F
Roster,F
Ruatomin,F
Rue,F
Ruinar,F
Rupprecht,F
Rustah,F
Ruthir,F
Ryiah,F
Rythern,F
Sadareen,F
Saka,F
Salie,F
Samira,F
Samuel,F
Saneto,F
Sargonus,F
Sarna,F
Sathe,F
Sayed,F
Scius,F
Scrooge,F
Seadreamer,F
Sean,F
Sed,F
Segrim,F
Seka,F
Semuta,F
Sensei,F
Sepherene,F
Serin,F
Sesai,F
Setlo,F
Shabel,F
Shakespear,F
Shanna,F
Shatra,F
Sheena,F
Shevynn,F
Shodowwind,F
Shylock,F
Sigel,F
Sil'forrin,F
Sill,F
Silverleaf,F
Simmont,F
Singh,F
Sirma,F
Skit,F
Slamder,F
Slevon,F
Smoglswane,F
Sog,F
Soliel,F
Solon,F
Sorayya,F
Sorod,F
Souce,F
Sparrow,F
Spitel,F
Stadegrio,F
Stane,F
Stasheff,F
Steel,F
Stellar,F
Steven,F
Stonne,F
Strus,F
Styrix,F
Summai,F
Sunete,F
Surtur,F
Sutlin,F
Swust,F
Syr,F
Tabika,F
Taerhael,F
Talarin,F
Taleen,F
Tall,F
Tamare,F
Tansley,F
Tarl,F
Tasus,F
Taz,F
Teka,F
Telpur,F
Tenebrig,F
Terass,F
Tespar,F
Teyrida,F
Thar,F
Thelinde,F
Thiazi,F
Thoinen,F
Thorn,F
Throdi,F
Thurgudmen,F
Tiang,F
Tibolt,F
Tillaron,F
Tirian,F
Titian,F
Tohrm,F
Tolida,F
Toma,F
Tongue,F
Torfire,F
Torrelloc,F
Toto,F
Toyna,F
Tralen,F
Trapster,F
Trede,F
Trell,F
Trever,F
Trill,F
Triscuit,F
Trotwood,F
Tuck,F
Tullaris,F
Tuscanar,F
Two,F
Tycane,F
Tyl,F
Ubriks,F
Uhrd,F
Ulowadjaa,F
Undin,F
Untall,F
Uranus,F
Urixen,F
Usnar,F
Vacone,F
Valda,F
Vali,F
Vallie,F
Vanil,F
Varken,F
Vasud,F
Verdandi,F
Vespar,F
Vicenzi,F
Vidron,F
Vilan,F
Virde,F
Voltain,F
Vrisa,F
Vyehntyir,F
Waeron,F
Waldan,F
Walnan,F
Wanera,F
Waste,F
Wayland,F
Weddington,F
Wellisa,F
Wesolyne,F
Whitewell,F
Wikas,F
Willen,F
Willow,F
Wilte,F
Winding,F
Winius,F
Witfar,F
Wocca,F
Womal,F
Wood-leg,F
Wrall,F
Wulfgrim,F
Wylf,F
Wyrde,F
Xanice,F
Xavier,F
Xithyl,F
Xylana,F
Yaz,F
Ygerna,F
Yolanda,F
Yssith,F
Y?reth,F
Zana,F
Zantiln,F
Zecele,F
Zephale,F
Zerma,F
Zile,F
Zir,F
Zorie,F
Zubanquer,F
Zynoa,F
Abaet,F
Abe,F
Abthony,F
Acence,F
Ackmard,F
Adeen,F
Adorra,F
Aenas,F
Aette,F
Aghon,F
Agrippa,F
Ahdun,F
Airk,F
Akkad,F
Aladan,F
Alaris,F
Aldden,F
Aldwin,F
Alexander,F
Alia,F
Alkirk,F
Aloysius,F
Alver,F
Amara,F
Amberscand,F
Ament,F
Amitel,F
Amorine,F
And,F
Andrew,F
Angar,F
Aniun,F
Annyk,F
Antar,F
Anumil,F
April,F
Arak,F
Aran,F
Arbagon,F
Arden,F
Ariel,F
Ariome,F
Arl,F
Arnor,F
Arte,F
Arzheviel,F
Asdern,F
Aslane,F
Asperon,F
Aster,F
Atar,F
Athen,F
Atili,F
Atrak,F
Auchfor,F
Auma,F
Austri,F
Aveline,F
Avride,F
Ayat,F
Aysen,F
Bacohl,F
Bahrair,F
Baldulf,F
Ban,F
Banipal,F
Baradeer,F
Barbo,F
Baren,F
Barkydle,F
Baru,F
Baskin,F
Baudi,F
Bayde,F
Beatric,F
Bedwyr,F
Bek,F
Bellenzor,F
Belyn,F
Beolann,F
Berenmil,F
Berk,F
Besur,F
Betsy,F
Biblo,F
Bili,F
Bithon,F
Blain,F
Blane,F
Boadill,F
Bodie,F
Boin,F
Bolthorn,F
Borel,F
Boro,F
Bradley,F
Brakdern,F
Brannel,F
Bredere,F
Brega,F
Bretwalda,F
Brigadore,F
Brill,F
Bristan,F
Bron,F
Brynhilde,F
Bue,F
Burhan,F
Busma,F
Caddor,F
Cael,F
Caere,F
Cahir,F
Caladon,F
Calen,F
Caliron,F
Calnor,F
Camelie,F
Candaree,F
Capad,F
Carace,F
Carde,F
Carl,F
Carpo,F
Cart,F
Casden,F
Castrich,F
Catos,F
Caylus,F
Ceer,F
Celere,F
Cell,F
Cemark,F
Cerdern,F
Cern,F
Cespar,F
Chakili,F
Chaney,F
Chardu,F
Chartiphon,F
Chekhov,F
Chesmarn,F
Chronet,F
Chymas,F
Cile,F
Circe,F
Clare,F
Clere,F
Clovis,F
Codach,F
Cohen,F
Coll,F
Colthan,F
Comri,F
Cone,F
Conquaine,F
Copernicus,F
Cord,F
Coriolis,F
Coron,F
Corydar,F
Cosine,F
Cowal,F
Crede,F
Cron,F
Cruni,F
Cuparun,F
Cydare,F
Cynth,F
Daburn,F
Daero,F
Dager,F
Dahgir,F
Dakamon,F
Dalla,F
Damenae,F
Dando,F
Danony,F
Daphin,F
Dargo,F
Dark,F
Darkmage,F
Darora,F
Darset,F
Darult,F
Dathony,F
Davic,F
Dawnflower,F
Deart,F
Defearon,F
Delebrith,F
Deltix,F
Dengold,F
Derlynnet,F
Derth,F
Dessfar,F
Dhart,F
Diloen,F
Dimjon,F
Dinyr,F
Distant,F
Dochrohan,F
Domin,F
Doright,F
Dosoman,F
Dracula,F
Drakoe,F
Dravon,F
Drim,F
Dritz,F
Drogo,F
Dru,F
Drusilla,F
Dryope,F
Duftah,F
Duncan,F
Dura,F
Durian,F
Duvado,F
Dwarl,F
Dylena,F
Eagle,F
Eart,F
Ebeth,F
Echule,F
Edar,F
Edoc,F
Eevel,F
Efnie,F
Eillian,F
Eiron,F
Eksaar,F
Eldin,F
Elena,F
Elgo,F
Ellen,F
Ellywicket,F
Elora,F
Elthin,F
Embar,F
Enbane,F
Endymythalion,F
Enoon,F
Eogan,F
Equate,F
Ergar,F
Erikarn,F
Ermin,F
Erthe,F
Esdros,F
Esthila,F
Etgarrai,F
Etran,F
Evet,F
Fac,F
Faer,F
Fafnin,F
Fajor,F
Fallowry,F
Faowind,F
Farin,F
Farth,F
Fath,F
Fawks,F
Feilyn,F
Fenrirr,F
Fern,F
Fetchstorm,F
Fhain,F
Ficadon,F
Fildon,F
Finmottin,F
Firiro,F
Flandrena,F
Foel,F
Fon,F
Forseti,F
Fraderk,F
Freasse,F
Freeke,F
Frikin,F
Fronar,F
Fuker,F
Funith,F
Gaelanon,F
Gaet,F
Galach,F
Galderon,F
Galion,F
Galron,F
Gandalf,F
Gardan,F
Gareth,F
Garrar,F
Gaspani,F
Gavein,F
Gaynor,F
Gelderon,F
Gene,F
Geri,F
Geront,F
Getale,F
Ghazanvi,F
Gibolt,F
Gillan,F
Gine,F
Gloria,F
Gnar,F
Gofannon,F
Gom,F
Gorbash,F
Goroth,F
Gothar,F
Grace,F
Gramorn,F
Greann,F
Gregor,F
Grey,F
Grilik,F
Grimmand,F
Grolim,F
Grumedan,F
Gueda,F
Guilomar,F
Gumuor,F
Gurgwen,F
Gusts,F
Gvene,F
Gwathis,F
Gwennia,F
Gwystyl,F
Gymir,F
Hadoc,F
Hafgan,F
Hal,F
Halleck,F
Hama,F
Han,F
Hantal,F
Hardon,F
Harold,F
Haster,F
Havassa,F
Hectar,F
Heft,F
Helskadi,F
Hepec,F
Hergrom,F
Herod,F
Hezak,F
Hildar,F
Hinon,F
Hithies,F
Hob,F
Hogon,F
Hollian,F
Honet,F
Horik,F
Horse,F
Hotsprings,F
Hrothgar,F
Huithnil,F
Hunter,F
Hutant,F
Hyksos,F
Hyza,F
Iason,F
Idene,F
Idon,F
Ieli,F
Ihate,F
Ikini,F
Ilermath,F
Illia,F
Iminter,F
Indrius,F
Inlan,F
Intejag,F
Iosmut,F
Irekain,F
Iron,F
Isaac,F
Isiah,F
Itazais,F
Ivles,F
Jacha,F
Jada,F
James,F
Jandrel,F
Jared,F
Jartin,F
Jayco,F
Jeane,F
Jen,F
Jesco,F
Jester,F
Jhan,F
Jinx,F
Joast,F
John,F
Joram,F
Joseph,F
Jshoone,F
Julia,F
Jume,F
Junius,F
Jusite,F
Kael,F
Kakatal,F
Kaldar,F
Kalyra,F
Kapat,F
Karf,F
Kasey,F
Katra,F
Kazuyo,F
Keltan,F
Kenneldor,F
Kerberos,F
Kesmon,F
Ketial,F
Khaine,F
Kian,F
Kiden,F
Kildarien,F
Kimdar,F
Kingurvind,F
Kippe,F
Kirk,F
Kisha,F
Klaus,F
Kletus,F
Knik,F
Kolaren,F
Koral,F
Kornag,F
Koydl,F
Kreed,F
Krinn,F
Kro,F
Kubkli,F
Kuvar,F
Laderic,F
Laelyre,F
Lahorn,F
Laki,F
Landolfur,F
Lanissiel,F
Laren,F
Lasuni,F
Laurh,F
Leagment,F
Left,F
Leit,F
Lenny,F
Leonien,F
Lerin,F
Letor,F
Lewinda,F
Licinius,F
Lily,F
Linor,F
Lisp,F
Livic,F
Lob,F
Logius,F
Lonavan,F
Lor,F
Losner,F
Lox,F
Ludokrin,F
Lumax,F
Lurd,F
Luxor,F
Lynch,F
Lynnie,F
Macci,F
Madarlon,F
Madmartigan,F
Madukes,F
Magius,F
Magus,F
Malan,F
Malki,F
Mangarak,F
Maran,F
Marcus,F
Mareberth,F
Margolis,F
Maries,F
Marklin,F
Marney,F
Marsidy,F
Marwenfyw,F
Matew,F
Maud'dib,F
Maximillia,F
Mayn,F
Mect,F
Medin,F
Meets,F
Meinne,F
Melisande,F
Meme,F
Menelaus,F
Meowol,F
Meri,F
Merlinna,F
Mes'ard,F
Messa,F
Meurig,F
Mi'talrythin,F
Michelanglo,F
Mielo,F
Millard,F
Mina,F
Mingo,F
Miphates,F
Misary,F
Mistweave,F
Mitheor,F
Modru,F
Mok,F
Molti,F
Monga,F
Moondancer,F
Moranet,F
Morga,F
Morin,F
Moyann,F
Mudon,F
Mundelin,F
Murrin,F
Mustle,F
Myonra,F
Myvar,F
Nader,F
Nalfar,F
Naphates,F
Narthlis,F
Naw,F
Nefarus,F
Neral,F
Neth,F
Nevard,F
Niefred,F
Nikki,F
Nile,F
Nimlad,F
Nizra,F
Noke,F
Nony,F
Norse,F
Nothar,F
Nuky,F
Nutsy,F
Nyota,F
Ocarin,F
Odaren,F
Odyaseus,F
Ofton,F
Ogrus,F
Okar,F
Olen,F
Olivia,F
Omaniron,F
Onbrawst,F
Onyx,F
Opimius,F
Oranius,F
Ordelle,F
Orgorgan,F
Orloft,F
Oron,F
Orton,F
Ospar,F
Othkar,F
Otto,F
Owin,F
Padan,F
Paeld,F
Palomides,F
Pardor,F
Parthinia,F
Pathcines,F
Paul,F
Peeple,F
Pela,F
Pelthros,F
Pengarth,F
Peramee,F
Pereth,F
Peronn,F
Petita,F
Phames,F
Phemedes,F
Phife,F
Phlunk,F
Picon,F
Piedad,F
Pilo,F
Pirouetta,F
Plaiglos,F
Polonius,F
Poran,F
Portolis,F
Prageus,F
Pren,F
Pronos,F
Prush,F
Puck,F
Puno,F
Pythagoras,F
Qatar,F
Quadran,F
Quezo,F
Quid,F
Quine,F
Quiss,F
Qurak,F
Q?pala,F
Radcliff,F
Ragnarson,F
Rakash,F
Ramrod,F
Random,F
Raphael,F
Rath,F
Raven'sBow,F
Raysdan,F
Reaper,F
Recy,F
Redynvar,F
Rehhaile,F
Rematus,F
Ressa,F
Rex,F
Rhithin,F
Rhys,F
Richard,F
Riger,F
Ril,F
Rines,F
Rismak,F
Riva,F
Rivex,F
Rocner,F
Rogis,F
Rohannah,F
Rolfur,F
Rooka,F
Rosindo,F
Roth,F
Rubi,F
Ruein,F
Rulrindale,F
Rusch,F
Rustion,F
Rutilus,F
Rylla,F
Sabal,F
Sadus,F
Sake,F
Salor,F
Sammir,F
Samwise,F
Sanger,F
Saril,F
Sarrask,F
Satian,F
Sayeesa,F
Scoth,F
Scrounge,F
Seafoam,F
Seared,F
Sedar,F
Segwilma,F
Seke,F
Senick,F
Senson,F
Seporic,F
Serma,F
Sesklos,F
Settlesand,F
Shade,F
Shakespeare,F
Shantra,F
Shauksten,F
Sheera,F
Shillana,F
Shorn,F
Sid,F
Siglaf,F
Silco,F
Sillius,F
Silveron,F
Simon,F
Sinks,F
Sirme,F
Skobo,F
Slath,F
Slill,F
Smoke,F
Soka,F
Solisa,F
Solton,F
Sorch,F
Soron,F
Soulshaper,F
Sparrowhawk,F
Spoc,F
Stadlaer,F
Staph,F
Statilius,F
Steinngium,F
Stentz,F
Stiff,F
Stormbringer,F
Studd,F
Sudri,F
Summas,F
Sunfall,F
Suskin,F
Suzana,F
Syknernen,F
Syth,F
Tabithi,F
Tagram,F
Talat,F
Talen,F
Tallax,F
Tamerlane,F
Tapran,F
Taro,F
Tatoria,F
Tazoe,F
Teksin,F
Telsin,F
Tensring,F
Tereccler,F
Tessino,F
Thaddefert,F
Thare,F
Therad,F
Thiltran,F
Tholan,F
Thorus,F
Throll,F
Thurin,F
Tiaz,F
Ticharol,F
Tilner,F
Tiro,F
Titius,F
Tola,F
Tolle,F
Tomal,F
Tonica,F
Tori,F
Tortha,F
Tottra,F
Toza,F
Tralinth,F
Tras,F
Tree,F
Tremec,F
Trevor,F
Tringoll,F
Trish,F
Troy,F
Tudus,F
Tupaji,F
Tusdar,F
TwoDawns,F
Tyd,F
Tyldoran,F
Uerthe,F
Uisna,F
Ulror,F
Unduma,F
Unteel,F
Urcit,F
Urk,F
Ussesa,F
Vaginamite,F
Vale,F
Valistor,F
Valon,F
Vannen,F
Varota,F
Vatch,F
Verdanez,F
Vethelot,F
Victamorel,F
Vidykal,F
Vildar,F
Vlad,F
Volux,F
Vroomfondle,F
Vysarane,F
Wagen,F
Walena,F
Walter,F
Wargo,F
Wastik,F
Waynock,F
Wekmar,F
Werni,F
Westri,F
Whithri,F
Wilbeth,F
Willenhir,F
Wilmoor,F
Wiltmar,F
Windwalker,F
Wird,F
Withion,F
Wode,F
Wonder,F
Wooll,F
Wrathran,F
Wuthmon,F
Wymmar,F
Wyvorn,F
Xannas,F
Xealen,F
Xo,F
Xylano,F
Yellowleaf,F
Yilvoxe,F
Yolenid,F
Yve,F
Zackma,F
Zandinell,F
Zar,F
Zeke,F
Zepher,F
Zessfar,F
Zilka,F
Ziva,F
Zoru,F
Zulekia,F
Zyten,F
Abarden,F
Aberbysion,F
Abu,F
Achalla,F
Acorn,F
Adena,F
Adric,F
Aerden,F
Aevor,F
Agmemon,F
Agsded,F
Aidan,F
Ajax,F
Akki,F
Alan,F
Alayne,F
Alderman,F
Alec,F
Alfred,F
Alic,F
Allso,F
Alsvider,F
Alveron,F
Amarisa,F
Ambros,F
Amerdan,F
Amivar,F
Amoth,F
Andal,F
Andvarii,F
Angel,F
Anmuspi,F
Ans,F
Anthony,F
Anval,F
Aquinas,F
Arakis,F
Aranor,F
Arboran,F
Arenith,F
Arienthil,F
Arion,F
Arlbeth,F
Arnt,F
Arther,F
Asa,F
Asen,F
Asleen,F
Aspes,F
Astire,F
Aten,F
Atherni,F
Atlantes,F
Attacotti,F
Auden,F
Aurelius,F
Autumntide,F
Avil,F
Avtar,F
Ayesh,F
Azhar,F
Badeek,F
Baily,F
Baldur,F
Bana,F
Bann,F
Barak,F
Barboda,F
Barfolomul,F
Barlo,F
Baruch,F
Basse,F
Baugi,F
Beac,F
Beck,F
Beeron,F
Bekki,F
Belor,F
Ben,F
Beona,F
Berenwick,F
Berle,F
Besurlde,F
Bevin,F
Biedgar,F
Bimpfoodle,F
Bitio,F
Blair,F
Blaze,F
Boal,F
Bodus,F
Boliva,F
Bolu,F
Borin,F
Bors,F
Braeker,F
Bran,F
Brav,F
Bredin,F
Brenbard,F
Brianan,F
BrightHelm,F
Brin,F
Brithna,F
Brosa,F
Brynnda,F
Bunkman,F
Burk,F
Buthomar,F
Cade,F
Caelholdt,F
Caerno,F
Cail,F
Calcompton,F
Calene,F
Calla,F
Calon,F
Camilde,F
Candelis,F
Capet,F
Caradec,F
Cardon,F
Carly,F
Carrai,F
Carte,F
Caspardrug,F
Casy,F
Cavem,F
Cayold,F
Cei,F
Celeren,F
Celoa,F
Cenu,F
Cerdic,F
Cernon,F
Cether,F
Chal,F
Chang,F
Chare,F
Chary,F
Chengai,F
Chidak,F
Chronos,F
Ciatha,F
Cino,F
Cirda,F
Clarnleef,F
Cliff,F
Coatl,F
Code,F
Coi,F
Collen,F
Columba,F
Con,F
Coni,F
Constantine,F
Coppereye,F
Corda,F
Corith,F
Corphrim,F
Corydar,F
Cotal,F
Crag,F
Crimax,F
Crondon,F
Cuall,F
Cusmirk,F
Cyelena,F
Cyrtina,F
Dacer,F
Daerto,F
Dagh,F
Daide,F
Dakkone,F
Dallpen,F
Dami,F
Danial,F
Dante,F
Dapvhir,F
Dari,F
Darkblade,F
Darkmoore,F
Darpick,F
Darsin,F
Darven,F
Daud,F
Davics,F
Dawns,F
Deathmar,F
Degan,F
Deler,F
Delv,F
Deoger,F
Dermit,F
Dertha,F
Deucalion,F
Dhrozna,F
Dilon,F
Dimth,F
Dira,F
Distran,F
Doiran,F
Donser,F
Dorn,F
Dougen,F
Drae,F
Drakone,F
Drazil,F
Drin,F
Driz,F
Droma,F
Druk,F
Druth,F
Duach,F
Dukran,F
Dunewalker,F
Duran,F
Durmark,F
Duvagel,F
Dwobble,F
Dynar,F
Eamon,F
Eashaft,F
Ebog,F
Eckard,F
Edarph,F
Edorin,F
Efamar,F
Eglea,F
Eilong,F
Eisa,F
Elac,F
Eldramor,F
Elerach,F
Eli,F
Ellia,F
Elman,F
Elphin,F
Elune,F
Emmene,F
Encantam,F
Engle,F
Enoona,F
Eogar,F
Equebus,F
Ergoth,F
Erill,F
Ermit,F
Erus,F
Esele,F
Estidh,F
Ethen,F
Etrigan,F
Ewall,F
Facent,F
Faermate,F
Fafnir,F
Falan,F
Fangred,F
Faran,F
Farn,F
Fasner,F
Fault,F
Fayne,F
Feldor,F
Fer,F
Ferny,F
Feth,F
Fhastine,F
Fickfylo,F
Fimbe,F
Finn,F
Firon,F
Flavio,F
Folden,F
Fonni,F
Forthe,F
Frake,F
Freca,F
Freen,F
Frish,F
Frost,F
Fukstoan,F
Furl,F
Gaelinar,F
Gaethaa,F
Galadren,F
Galdwulf,F
Galiron,F
Galzar,F
Ganieda,F
Garden,F
Garishaw,F
Garth,F
Gast,F
Gaven,F
Gean,F
Gemardt,F
Genghis,F
Gerirr,F
Gerontius,F
Geth,F
Ghulen,F
Giga Gash,F
Gilmesh,F
Ginger,F
Gloriatha,F
Gode,F
Golas,F
Goman,F
Gorfet,F
Gorth,F
Gothikar,F
Gradule,F
Granlon,F
Greenblade,F
Grement,F
Greyfell,F
Grimie,F
Grimnir,F
Gronalyn,F
Grunag,F
Guen,F
Guinevere,F
Gunasekera,F
Gurney,F
Gutar,F
Gwain,F
Gwayhne,F
Gwertra,F
Gybol,F
Gymmer,F
Hadrian,F
Hagan,F
Hale,F
Hallgerd,F
Hamako,F
Hane,F
Haque,F
Harken,F
Harper,F
Hathar,F
Hawat,F
Hecton,F
Hele,F
Heme,F
Heramon,F
Heridd,F
Heron,F
Hianor,F
Hile,F
Hirga,F
Hitts,F
Hobben,F
Hogun,F
Hollister,F
Hor-em-akhet,F
Horium,F
Hort,F
Hount,F
Hrugan,F
Hultor,F
Huor,F
Huyrn,F
Hymir,F
Iambic,F
Idaho,F
Ididnet,F
Idona,F
Ieserk,F
Ijunt,F
Ikko,F
Ilester,F
Illilorn,F
Imler,F
Infelice,F
Inlind,F
Inter,F
Ipedorn,F
Ireland,F
Ironbrand,F
Isabeau,F
Isil,F
Ithlot,F
Iwell,F
Jacid,F
Jade,F
Jamik,F
Janlove,F
Jareth,F
Jashoone,F
Jayn,F
Jeast,F
Jenan,F
Jespar,F
Jethil,F
Jib,F
Jisma,F
Joel,F
Jok,F
Jorden,F
Josette,F
Jude,F
Juliam,F
Jun,F
Junoi,F
Justal,F
Kafar,F
Kal,F
Kalieb,F
Kam,F
Kaprin,F
Kargo,F
Kassina,F
Katsu,F
Keal,F
Keltus,F
Kenobi,F
Kerl,F
Kesrick,F
Ketinella,F
Khan,F
Kiaya,F
Kient,F
Kilia,F
Kimura,F
Kinorn,F
Kirder,F
Kirra,F
Kisler,F
Klean,F
Klion,F
Knorthur,F
Kolmorn,F
Korba,F
Kothe,F
Kram,F
Krekle,F
Krishnan,F
Krom,F
Kur,F
Kypros,F
Laela,F
Laenaya,F
Lain,F
Lal,F
Landoris,F
Lanrthal,F
Largo,F
Lath,F
Lavell,F
Lear,F
Legolas,F
Lelani,F
Leo,F
Leopopira,F
Lesh,F
Leuke,F
Leynar,F
Lidorn,F
Limner,F
Linovahle,F
Listor,F
Lizzie,F
Loban,F
Lohtur,F
Longin,F
Loreena,F
Lossar,F
Lucan,F
Lug,F
Lumbar,F
Luster,F
Lycra,F
Lynd,F
Maachal,F
MacDuff,F
Maddox,F
Madonnla,F
Maelwys,F
Magkain,F
Magveil,F
Malander,F
Malley,F
Mango,F
Marc,F
Mardder,F
Mareena,F
Margonn,F
Marik,F
Markos,F
Marny,F
Marte,F
Masc,F
Mathar,F
Maugh,F
Maximillina,F
Mayre,F
Medain,F
Medsa,F
Meg,F
Mekt,F
Mellamo,F
Memla,F
Menlaus,F
Meragrand,F
Meridan,F
Merlon,F
Mesah,F
Messchoro,F
Meursault,F
Miattraddi,F
Mick,F
Migorn,F
Milo,F
Mindukes,F
Mink,F
Mirayam,F
Mishayla,F
Mitar,F
Mithra,F
Modum,F
Mokanna,F
Momos,F
Mongo,F
Moonfriend,F
Moranielen,F
Morgain,F
Morril,F
Moyna,F
Mufar,F
Mune,F
Murtan,F
Musty,F
Myrddin,F
Nacer,F
Naeem,F
Namorn,F
Napoleon,F
Nassic,F
Neal,F
Neff,F
Nero,F
Netherman,F
Nevarious,F
Nife,F
Nikoli,F
Nilnot,F
Nimue,F
Nobath,F
Nolan,F
Noos,F
Norv,F
Notlbrob,F
Nunoo-Quarcoo,F
Nuwolf,F
Nyrlol,F
Occelot,F
Odeir,F
Odyss,F
Og,F
Ogyvan,F
Oke,F
Olgen,F
Olix,F
Omarn,F
Ondola,F
Oolndiana,F
Opshun,F
Orard,F
Ordred,F
Orin,F
Orm,F
Orsay,F
Orwyne,F
Osprey,F
Otho,F
Ottobien,F
Oxbaren,F
Padishah,F
Pagetti,F
Palus,F
Parele,F
Pascent,F
Patnas,F
Pearl,F
Peetrie,F
Pellar,F
Pemba,F
Pensif,F
Perder,F
Perith,F
Peter,F
Petrad,F
Phara,F
Phen,F
Philadona,F
Phoenix,F
Pictal,F
Pietten,F
Pilon,F
Pitchblend,F
Pochos,F
Polor,F
Porchos,F
Poscidion,F
Prak,F
Pridgit,F
Prothal,F
Pryderi,F
Puhl,F
Purple,F
Pythe,F
Qeisan,F
Quana,F
Quiad,F
Quidia,F
Quinn,F
Quix,F
Qwaylar,F
Racer,F
Radridge,F
Ragon,F
Ralegeal,F
Ranabas,F
Ranem,F
Rarson,F
Rathia,F
Ravenkin,F
Rayth,F
Reave,F
Red,F
Reevur,F
Reisoun,F
Rembas,F
Ret,F
Rexor,F
Rhonwyn,F
Rhysling,F
Rickhir,F
Righe,F
Rilia,F
Ringwood,F
Riss,F
Rivatha,F
Rizwan,F
Rod,F
Rogist,F
Roker,F
Rolo,F
Rophan,F
Rosobal,F
Rotner,F
Ruby,F
Ruel,F
Ruly,F
Ruse,F
Rustle,F
Ruvius,F
Ryodan,F
Saberg,F
Saeg,F
Saker,F
Samairnel,F
Samon,F
Samyad,F
Sanin,F
Sarma,F
Sarthgine,F
Satica,F
Sayst,F
Screva,F
Scry,F
Seaford,F
Seberg,F
Seetia,F
Seig,F
Selenia,F
Senira,F
Senthyril,F
Serane,F
Sermak,F
Sesmidat,F
Sevestra,F
Shado,F
Shalpan,F
Shard,F
Shaya,F
Shelvestra,F
Shillen,F
Shrew,F
Sidara,F
Siglin,F
Sildo,F
Silne,F
Silvertail,F
Simpriss,F
Sipher,F
Sithik,F
Skrymir,F
Sleeth,F
Sloisa,F
Snadrider,F
Sola,F
Solita,F
Soncern,F
Soren,F
Sorsha,F
Soure,F
Spask,F
Sretalles,F
Stagger,F
Star,F
Staver,F
Stel,F
Stenwulf,F
Stil,F
Strean,F
Stump,F
Suktor,F
Sumon,F
Sunfire,F
Suth,F
Swaedan,F
Syndarra,F
Sythini,F
Tacer,F
Tahir,F
Talberon,F
Taley,F
Tallisan,F
Tamtha,F
Tare,F
Tasdar,F
Tatsu,F
Teadd,F
Tekyla,F
Temil,F
Tenzil,F
Teresse,F
Tethra,F
Thaikir,F
Tharn,F
Theresa,F
Thina,F
Thomas,F
Thothet,F
Thron,F
Thurny,F
Tibber,F
Tigranes,F
Tinaeus,F
Tisiphone,F
Titus,F
Tolde,F
Tolsar,F
Tomas,F
Topah,F
Torial,F
Toth,F
Touret,F
Tract,F
Tram,F
Traven,F
Treka,F
Trent,F
Trewlayne,F
Trinsa,F
Troilus,F
Trumper,F
Tuek,F
Turk,F
Tussah,F
Twyla,F
Tyden,F
Tyne,F
Uevarius,F
Ulfang,F
Ulysses,F
Uneste,F
Unwulf,F
Urda,F
Usara,F
Ussiun,F
Vagor,F
Valek,F
Valkeri,F
Valor,F
Varag,F
Varron,F
Vectomon,F
Vergil,F
Vettius,F
Victor,F
Vigoth,F
Vina,F
Vladamere,F
Vopnir,F
Vulpen,F
Vythethi,F
Wailan,F
Walkar,F
Wanar,F
Warmage,F
Wavenhair,F
Weace,F
Weldig,F
Werre,F
Wham,F
Whitlock,F
Wildwood,F
Willi,F
Wilner,F
Wilton,F
Windweave,F
Wisdum,F
Witmor,F
Wolfe,F
Wonderer,F
Woon,F
Wraythe,F
Wyder,F
Wymmer,F
Xander,F
Xanril,F
Xenil,F
Xocholactl,F
Yabaro,F
Yepal,F
Ymma,F
Yorrek,F
Yviene,F
Zak,F
Zanfalcon,F
Zathe,F
Zenden,F
Zephere,F
Zestia,F
Zilocke,F
Zixil,F
Zotar,F
Zutar,F
