Danielle,F
Martina,F
Candace,F
Cameran,F
Orli,F
Francesca,F
Cailin,F
Kaitlin,F
Ingrid,F
Althea,F
Jasmine,F
Alma,F
Shoshana,F
Velma,F
Cecilia,F
Isabella,F
Calista,F
Donna,F
Ora,F
Katell,F
Adele,F
Clementine,F
Haviva,F
Aurelia,F
Macey,F
Cleo,F
Lydia,F
Shellie,F
Sacha,F
Juliet,F
Deborah,F
Allegra,F
Bertha,F
Ignacia,F
Charde,F
Sasha,F
Mona,F
Gail,F
Freya,F
Astra,F
Hanae,F
Pascale,F
Bo,F
Clare,F
Mikayla,F
Erica,F
Maggie,F
Riley,F
Kirsten,F
Guinevere,F
Faith,F
Kylan,F
Kylan,F
Maris,F
Maia,F
Britanney,F
Sasha,F
Christine,F
Yeo,F
McKenzie,F
Michelle,F
Constance,F
Mona,F
Quintessa,F
Lucy,F
Shannon,F
Lydia,F
Echo,F
Cara,F
Sybill,F
Hadassah,F
Karyn,F
Mari,F
Jemima,F
Naida,F
Fallon,F
Nyssa,F
Fatima,F
Audra,F
Deanna,F
Mallory,F
Hermione,F
Quinn,F
Camilla,F
Yvonne,F
Hiroko,F
Eleanor,F
Rowan,F
Leah,F
Debra,F
Jillian,F
Dahlia,F
Jenette,F
Brittany,F
Yen,F
Alexis,F
Xena,F
Leandra,F
Evelyn,F
Brenna,F
Jenna,F
Maisie,F
Madeson,F
Anne,F
Amethyst,F
Faith,F
Harriet,F
Quintessa,F
Lesley,F
Jaden,F
Zena,F
Chava,F
Rebekah,F
Phyllis,F
Gisela,F
Quynn,F
Bree,F
Lisandra,F
Lila,F
Mira,F
Rylee,F
Alexa,F
Suki,F
Dorothy,F
Candace,F
Sheila,F
Evangeline,F
Brenda,F
Irma,F
Leandra,F
Darryl,F
Shea,F
Celeste,F
Sarah,F
Teagan,F
Dahlia,F
Blythe,F
Ebony,F
Yen,F
Molly,F
Montana,F
Wyoming,F
Shelby,F
Joelle,F
Nomlanga,F
Chantale,F
Dana,F
Sage,F
Portia,F
Rhoda,F
Karleigh,F
Leilani,F
Ruby,F
Hilda,F
Sade,F
Wilma,F
Cynthia,F
Basia,F
April,F
Margaret,F
Melanie,F
Fiona,F
Julie,F
Rylee,F
Brianna,F
Ila,F
Alika,F
Dara,F
Mary,F
Abigail,F
Tallulah,F
Genevieve,F
Wyoming,F
Petra,F
Quyn,F
Moana,F
Ulla,F
Yoshi,F
Katell,F
Mira,F
Rama,F
Xyla,F
Darryl,F
Lisandra,F
Gwendolyn,F
Amela,F
Kylynn,F
Lana,F
Callie,F
Madeline,F
Cassandra,F
Remedios,F
Sydney,F
Marny,F
Madeline,F
Adara,F
Adara,F
Marny,F
Darrel,F
May,F
Marny,F
Briar,F
Wendy,F
Lysandra,F
Signe,F
Nola,F
Echo,F
Reagan,F
Nayda,F
Petra,F
Jena,F
Joelle,F
Octavia,F
Miranda,F
Allegra,F
Amela,F
Nora,F
Lesley,F
Lunea,F
Shannon,F
Catherine,F
Petra,F
Marny,F
Amy,F
Hyacinth,F
Daria,F
Angela,F
Ifeoma,F
Shea,F
Eve,F
Aiko,F
Kalia,F
Indira,F
Winifred,F
Aphrodite,F
Ebony,F
Mikayla,F
Giselle,F
Alisa,F
Hayley,F
April,F
Justina,F
Roanna,F
Rebecca,F
Callie,F
September,F
Samantha,F
Shannon,F
Ingrid,F
Irene,F
Nell,F
Leilani,F
Carissa,F
Germane,F
Mallory,F
Kirby,F
Lacy,F
Miranda,F
Tamara,F
Imelda,F
Wendy,F
Tashya,F
Sigourney,F
Hanae,F
Signe,F
Veda,F
Macy,F
Kirsten,F
Diana,F
Maris,F
Sonya,F
Georgia,F
Bell,F
Mollie,F
Ayanna,F
Dawn,F
Kerry,F
Tatiana,F
Astra,F
Tasha,F
Georgia,F
Quon,F
Judith,F
Jolie,F
Astra,F
Audrey,F
Yoko,F
Maite,F
Petra,F
Sophia,F
Zorita,F
Nell,F
Reagan,F
Signe,F
Alice,F
Maxine,F
Rhea,F
Mari,F
Cassady,F
Allegra,F
Diana,F
Alice,F
Hannah,F
Hanna,F
Nicole,F
Jane,F
Liberty,F
Cleo,F
Haley,F
Medge,F
Blossom,F
Meghan,F
Irene,F
Liberty,F
Bianca,F
Karen,F
Melanie,F
Aurelia,F
Azalia,F
Ina,F
Willa,F
Ayanna,F
Audrey,F
Ori,F
Whoopi,F
Blossom,F
Hilda,F
Pascale,F
Ori,F
Kirby,F
Rae,F
Yael,F
Lara,F
Breanna,F
Geraldine,F
Desirae,F
Lacy,F
Summer,F
Jenna,F
Stacey,F
Kitra,F
Larissa,F
Kirby,F
Veda,F
Briar,F
Mariam,F
Irene,F
Quynn,F
Noelani,F
Keelie,F
Carol,F
Melodie,F
Lucy,F
Deborah,F
Ignacia,F
Kylie,F
Halla,F
Patricia,F
Emerald,F
Anne,F
Echo,F
Allegra,F
Allegra,F
Roanna,F
Camilla,F
Harriet,F
Amber,F
Nadine,F
Daria,F
Karyn,F
Laurel,F
Phyllis,F
Alisa,F
Ashely,F
Molly,F
Cara,F
Neve,F
Audra,F
Tatyana,F
Indira,F
Lila,F
Aphrodite,F
Amena,F
Carol,F
Florence,F
Jaime,F
Natalie,F
Mary,F
Cassidy,F
Willa,F
Neve,F
Jada,F
Yvette,F
Ori,F
Danielle,F
Brooke,F
Ariel,F
Eliana,F
Roary,F
Flavia,F
Phyllis,F
Heidi,F
Amanda,F
Rebecca,F
Jamalia,F
Ocean,F
Vanna,F
Britanney,F
Rhiannon,F
Serena,F
Kimberley,F
Hilary,F
Tanisha,F
Leila,F
Kimberley,F
Claire,F
Yvonne,F
Clementine,F
Sasha,F
Candice,F
Carissa,F
Kirby,F
Leilani,F
Cailin,F
Destiny,F
Regina,F
Ebony,F
Germane,F
Amber,F
Anjolie,F
Maia,F
Rhiannon,F
Ivana,F
Megan,F
Lesley,F
Shafira,F
Heidi,F
Kathleen,F
Wynne,F
Candace,F
Grace,F
Kai,F
Kelsie,F
Daria,F
Allegra,F
Alana,F
Ivy,F
Ainsley,F
Dai,F
Desirae,F
Catherine,F
Hillary,F
Quintessa,F
Ori,F
Keelie,F
Adara,F
Kessie,F
Portia,F
Ginger,F
Larissa,F
Rose,F
Uta,F
Haley,F
Daphne,F
Leslie,F
Tanya,F
Ann,F
Uta,F
Ina,F
Alana,F
Aretha,F
Odessa,F
Kathleen,F
Liberty,F
Violet,F
Kitra,F
Lynn,F
Hedwig,F
Lael,F
Roanna,F
Macey,F
Noel,F
Cecilia,F
Hedwig,F
Jamalia,F
Michelle,F
Helen,F
Veronica,F
Isabella,F
Mona,F
Karina,F
Dai,F
Madeline,F
Sacha,F
Jeanette,F
Cathleen,F
Odette,F
Keely,F
Ayanna,F
Bo,F
Kimberley,F
Carol,F
Sandra,F
Adara,F
Oprah,F
Quintessa,F
Kyla,F
Georgia,F
Brenda,F
April,F
Bree,F
Noelle,F
Rae,F
Evangeline,F
Anika,F
Ciara,F
Vielka,F
Ivana,F
Brooke,F
Harriet,F
Ayanna,F
Maggie,F
Lee,F
Natalie,F
Jade,F
Zia,F
Shea,F
Callie,F
Kathleen,F
Vielka,F
Desirae,F
Abra,F
Azalia,F
Aphrodite,F
Adena,F
Ruth,F
Sandra,F
Kylynn,F
Britanni,F
Veronica,F
Madeline,F
Deanna,F
May,F
Hillary,F
Kessie,F
Nichole,F
Leah,F
Jenna,F
Breanna,F
Myra,F
Renee,F
Clare,F
Fallon,F
Harriet,F
Summer,F
Noel,F
Halla,F
Orli,F
Serena,F
Savannah,F
Mira,F
Audra,F
Scarlett,F
Quail,F
Cameron,F
Serina,F
Lenore,F
Wyoming,F
Holly,F
Nayda,F
Tamara,F
Xantha,F
Unity,F
Kylie,F
Guinevere,F
Jaime,F
Darryl,F
Susan,F
Skyler,F
Halee,F
Leila,F
Melinda,F
Kylee,F
Shana,F
Zenia,F
Isabelle,F
Lani,F
Gwendolyn,F
Cameron,F
Ila,F
Caryn,F
Roary,F
Jolene,F
Zelda,F
Leandra,F
Macy,F
Sandra,F
Britanni,F
Leandra,F
Christen,F
Rosalyn,F
Jillian,F
Carol,F
Oprah,F
Yuri,F
Karina,F
Candice,F
Constance,F
Hillary,F
Adrienne,F
Lael,F
Vanna,F
Michelle,F
Ariel,F
Rae,F
Melissa,F
Karen,F
Georgia,F
Yoshi,F
Marcia,F
Nelle,F
Cally,F
Jaden,F
Candace,F
Britanni,F
Yolanda,F
Paula,F
Wanda,F
Bethany,F
Florence,F
Cailin,F
Tashya,F
Phoebe,F
Fatima,F
Martena,F
Ori,F
Rae,F
Raven,F
Vera,F
Buffy,F
Remedios,F
Justina,F
Angela,F
Jenna,F
Lael,F
Sandra,F
Beatrice,F
Alana,F
Buffy,F
Astra,F
Maxine,F
Samantha,F
Courtney,F
Anika,F
Xantha,F
Hadassah,F
Althea,F
Noelani,F
Eugenia,F
Callie,F
Zorita,F
Irma,F
Amanda,F
Penelope,F
Neve,F
Miriam,F
Juliet,F
Jordan,F
Jena,F
Inga,F
MacKensie,F
Daria,F
Sonya,F
Medge,F
Mira,F
Irma,F
Joy,F
Quintessa,F
Jamalia,F
Macy,F
Selma,F
Ann,F
Ivana,F
Amber,F
Brielle,F
Ignacia,F
Idola,F
Carol,F
Aurelia,F
Melanie,F
Fay,F
Audrey,F
Angela,F
Gretchen,F
Sandra,F
Phyllis,F
Zephr,F
Felicia,F
Constance,F
Jasmine,F
Nell,F
Rina,F
Mercedes,F
Leah,F
Jena,F
Giselle,F
Wyoming,F
Tasha,F
Audrey,F
Imelda,F
Kellie,F
Teagan,F
Jessamine,F
Teegan,F
Willow,F
Lesley,F
Fiona,F
Grace,F
Olga,F
Hope,F
Yen,F
Adele,F
Jessica,F
Alice,F
Hadley,F
Emily,F
Raya,F
Grace,F
Leandra,F
Yoshi,F
Quinn,F
Destiny,F
Rebecca,F
Ivana,F
Rinah,F
Dai,F
Pandora,F
Quon,F
Britanney,F
Ruth,F
Cara,F
Marcia,F
Oprah,F
Macy,F
Kylie,F
Montana,F
Cassandra,F
Samantha,F
acqueline,F
Stephanie,F
Christen,F
Yen,F
Sybil,F
May,F
Zorita,F
Dai,F
Tashya,F
Rana,F
Lael,F
Josephine,F
Priscilla,F
Francesca,F
Nola,F
Kylan,F
Ocean,F
Kerry,F
Petra,F
Jescie,F
Ella,F
Simone,F
Echo,F
Isadora,F
Karleigh,F
Yoshi,F
Adele,F
Aiko,F
Mercedes,F
Cecilia,F
Scarlett,F
Melyssa,F
Amela,F
Alea,F
Marny,F
Veda,F
Mercedes,F
Mariko,F
Camille,F
Leila,F
Indira,F
Naida,F
Alexis,F
Candice,F
Yoshi,F
Paloma,F
Mona,F
Nerea,F
Debra,F
Jada,F
Callie,F
Keiko,F
Faith,F
India,F
Tatum,F
Quyn,F
Idola,F
Ulla,F
Raven,F
Alice,F
Aurelia,F
Maggie,F
Naida,F
Brittany,F
Mariam,F
Gemma,F
Amity,F
Eve,F
Vera,F
Christine,F
Shafira,F
Grace,F
Stacey,F
Sigourney,F
Justine,F
Shelby,F
MacKenzie,F
Candace,F
Lani,F
Sarah,F
Leila,F
Myra,F
Glenna,F
Shana,F
Ashely,F
Deanna,F
Maggie,F
Jenna,F
Candice,F
Ignacia,F
Juliet,F
Darrel,F
Yoshi,F
Carla,F
Hayfa,F
Madonna,F
Jolene,F
Inez,F
Suki,F
Imani,F
Lynn,F
Olivia,F
Nyssa,F
Jordan,F
Lois,F
Cherokee,F
Geraldine,F
Charissa,F
Grace,F
Shellie,F
Zorita,F
Sydnee,F
Kylynn,F
Giselle,F
Paloma,F
Madonna,F
Laurel,F
Hadley,F
Amela,F
Nicole,F
Nyssa,F
Kim,F
Ursa,F
Nelle,F
Mikayla,F
Emi,F
Fiona,F
Brielle,F
Minerva,F
Chantale,F
Kelsie,F
Donna,F
Sydney,F
Dahlia,F
Nora,F
Justina,F
Indira,F
Alea,F
Medge,F
Olympia,F
Stacy,F
McKenzie,F
Maile,F
Iris,F
Wynter,F
Halla,F
Adria,F
Kiayada,F
Mollie,F
Amy,F
Cora,F
Illana,F
Lenore,F
Brynn,F
Ariel,F
Darryl,F
Indira,F
Hilary,F
Haviva,F
Anjolie,F
Kylie,F
Shay,F
Gemma,F
Jade,F
Anne,F
Ainsley,F
Sydney,F
Jolie,F
Althea,F
Kylie,F
Chava,F
Tatyana,F
Charde,F
Rhea,F
Gillian,F
Buffy,F
Brooke,F
Gloria,F
Mechelle,F
Riley,F
Ifeoma,F
Shea,F
Charlotte,F
Virginia,F
Yoko,F
Diana,F
Cecilia,F
Hyacinth,F
Maggy,F
Kiara,F
Jane,F
Cally,F
Helen,F
Patience,F
Leah,F
Jade,F
Quail,F
Jennifer,F
Stella,F
Rhiannon,F
Yeo,F
Angelica,F
Nina,F
Candace,F
Shaine,F
Aileen,F
Eugenia,F
Xaviera,F
Haley,F
Uma,F
Quyn,F
Nyssa,F
Rachel,F
Violet,F
Melinda,F
Pearl,F
Cheryl,F
Sacha,F
Brenda,F
Rhoda,F
Grace,F
Lana,F
Vanna,F
Naida,F
Eve,F
Karen,F
Beverly,F
Aline,F
Ursula,F
Yoko,F
Sage,F
Tamekah,F
Alisa,F
Kimberly,F
Amaya,F
Stacey,F
Kylan,F
Germane,F
Shafira,F
Simone,F
Deanna,F
Madison,F
Lillian,F
Zoe,F
Lacy,F
Darrel,F
Patricia,F
Olympia,F
Amanda,F
Shea,F
Kiara,F
Hillary,F
